date,symbol,open,high,low,close,volume
2026-06-18,AAA,7400,7460,7330,7380,933000
2026-06-18,AAS,8700,8800,8300,8400,1746900
2026-06-18,AAT,2840,2840,2780,2790,16500
2026-06-18,AAV,6700,6700,6600,6700,503600
2026-06-18,ABB,16900,17200,16900,17200,1628200
2026-06-18,ABC,10300,10300,10300,10300,6300
2026-06-18,ABI,19300,19300,19200,19300,11900
2026-06-18,ABR,11250,11250,11250,11250,5400
2026-06-18,ABS,3000,3020,2960,2990,101600
2026-06-18,ABT,54000,55300,54000,55000,22200
2026-06-18,ABW,11700,11800,11500,11700,232400
2026-06-18,ACB,22000,22550,22000,22400,12557300
2026-06-18,ACC,12400,12400,12100,12400,1400
2026-06-18,ACG,33500,33500,33500,33500,100
2026-06-18,ACL,12400,12450,12200,12450,2100
2026-06-18,ACS,5300,5300,5300,5300,2800
2026-06-18,ACV,44700,45000,44200,44500,377600
2026-06-18,ADP,22500,22900,22500,22500,1700
2026-06-18,ADS,9500,9600,9350,9430,158200
2026-06-18,AFX,10300,10300,10000,10200,95900
2026-06-18,AG1,10800,12300,10700,12300,8300
2026-06-18,AGG,12050,12050,11850,11900,256800
2026-06-18,AGP,35500,36000,35400,35400,6000
2026-06-18,AGR,15000,15100,14700,14750,346000
2026-06-18,AGX,195000,195000,191000,192000,11400
2026-06-18,ALV,7300,7300,6900,7000,5400
2026-06-18,AMC,12200,12200,12200,12200,500
2026-06-18,AMS,9300,9400,8600,9200,194700
2026-06-18,AMV,1500,1500,1400,1500,257100
2026-06-18,ANT,25900,25900,23950,25700,11200
2026-06-18,ANV,22000,22100,21550,21800,558100
2026-06-18,APF,45600,45900,45000,45400,13600
2026-06-18,APG,5710,5750,5390,5400,991000
2026-06-18,APH,5630,5690,5600,5610,101500
2026-06-18,API,6300,6400,6200,6200,186500
2026-06-18,APP,4200,4200,4200,4200,1000
2026-06-18,APS,7200,7200,6900,7000,419800
2026-06-18,ASM,5950,5950,5900,5900,215000
2026-06-18,ASP,7270,7390,7200,7290,146400
2026-06-18,AST,72300,73500,72000,72300,4700
2026-06-18,AVC,43200,43200,42200,42200,3900
2026-06-18,BAB,11500,11900,11500,11900,50400
2026-06-18,BAF,29420,29620,29170,29370,4676400
2026-06-18,BAX,31700,31700,31700,31700,300
2026-06-18,BBH,8500,8500,8500,8500,100
2026-06-18,BBT,14200,14200,14200,14200,700
2026-06-18,BCA,21200,21200,20500,21000,15500
2026-06-18,BCC,7000,7100,7000,7100,67100
2026-06-18,BCE,8600,8900,8600,8890,2300
2026-06-18,BCF,42000,42000,41500,41500,300
2026-06-18,BCM,54500,54500,53800,54100,224900
2026-06-18,BDG,39900,39900,39900,39900,100
2026-06-18,BDT,9300,9300,8800,9300,10000
2026-06-18,BFC,58000,58700,57400,58100,260400
2026-06-18,BHN,29500,29500,29500,29500,100
2026-06-18,BIC,24750,24750,24450,24500,9300
2026-06-18,BID,43000,43050,42400,42750,4128800
2026-06-18,BIG,5000,5100,4900,5000,246900
2026-06-18,BIO,13600,14000,13400,13400,4700
2026-06-18,BKC,20300,20300,20200,20200,3000
2026-06-18,BKG,2610,2700,2570,2640,76900
2026-06-18,BLF,2600,2600,2500,2500,10000
2026-06-18,BLI,8100,8200,8100,8100,2100
2026-06-18,BLT,20000,21000,20000,21000,1400
2026-06-18,BMC,12900,12900,12500,12550,5200
2026-06-18,BMI,14600,14800,14550,14550,51900
2026-06-18,BMJ,12200,12500,12200,12500,2000
2026-06-18,BMP,148000,148000,145600,147000,131500
2026-06-18,BMS,14400,14500,14300,14500,135100
2026-06-18,BRS,23700,24600,21600,24600,5100
2026-06-18,BSA,19800,19800,19800,19800,100
2026-06-18,BSG,13400,13400,13400,13400,100
2026-06-18,BSI,35050,35450,34450,34500,744500
2026-06-18,BSL,12900,12900,12900,12900,100
2026-06-18,BSR,26300,27000,26300,26400,7942500
2026-06-18,BTH,21800,22200,21800,21900,6400
2026-06-18,BTP,8300,8310,8290,8290,26200
2026-06-18,BTS,5000,5100,5000,5000,11100
2026-06-18,BVB,13100,13300,13000,13200,2049700
2026-06-18,BVH,67000,67300,66200,67000,304500
2026-06-18,BVL,12700,12700,12700,12700,100
2026-06-18,BVS,27400,27400,26800,26800,308500
2026-06-18,BWE,44300,44600,44100,44200,42900
2026-06-18,C32,15450,16500,15450,15600,6200
2026-06-18,C47,9000,9350,9000,9170,1300
2026-06-18,C4G,6700,6800,6700,6700,95100
2026-06-18,C69,17000,17700,16800,17500,1069500
2026-06-18,CAP,46300,47900,46200,46800,162500
2026-06-18,CAT,14800,14800,14500,14600,24100
2026-06-18,CBS,24100,24100,24100,24100,200
2026-06-18,CCA,15000,15100,15000,15000,5400
2026-06-18,CCL,4320,4430,4300,4400,176600
2026-06-18,CDC,18550,18900,18500,18800,72700
2026-06-18,CDN,28200,28200,28200,28200,2100
2026-06-18,CDP,12300,12300,12300,12300,400
2026-06-18,CDR,4400,4400,4400,4400,800
2026-06-18,CEO,15700,15900,15500,15600,3851500
2026-06-18,CGV,3000,3200,3000,3200,4100
2026-06-18,CHP,28000,28000,27300,27400,11300
2026-06-18,CIA,9700,9700,9700,9700,5000
2026-06-18,CIG,7590,7590,7180,7500,43700
2026-06-18,CII,17850,18150,17650,17650,10591900
2026-06-18,CIP,2000,2000,2000,2000,100
2026-06-18,CKA,64600,64700,64300,64500,7600
2026-06-18,CKD,23500,23500,23500,23500,800
2026-06-18,CKG,7000,7000,6950,6960,17400
2026-06-18,CLC,51500,53000,51500,53000,1400
2026-06-18,CLH,20000,20000,20000,20000,200
2026-06-18,CLL,30500,30500,30050,30250,600
2026-06-18,CLM,69000,69500,69000,69500,900
2026-06-18,CLW,51500,51500,51500,51500,100
2026-06-18,CLX,14700,14800,14300,14700,22700
2026-06-18,CMD,19400,21400,19400,20400,800
2026-06-18,CMG,28000,28000,27300,27650,261500
2026-06-18,CMN,26000,26000,25800,25800,4300
2026-06-18,CMS,7200,7200,7000,7000,79400
2026-06-18,CMX,5610,5630,5550,5610,29500
2026-06-18,CNC,31000,31000,31000,31000,100
2026-06-18,CNG,22000,22000,22000,22000,2800
2026-06-18,CPC,15900,16100,15900,16000,400
2026-06-18,CQN,30910,31200,30910,31200,24900
2026-06-18,CQT,6800,6800,6800,6800,1200
2026-06-18,CRC,6160,6280,6160,6220,329000
2026-06-18,CRE,7450,7600,7450,7590,126000
2026-06-18,CSC,13400,13500,13100,13400,7600
2026-06-18,CSI,16500,16500,16500,16500,400
2026-06-18,CSM,11800,11900,11700,11850,47700
2026-06-18,CST,11600,11800,11600,11600,10900
2026-06-18,CSV,25000,25400,24400,24650,262600
2026-06-18,CTD,73600,73600,72500,73000,382900
2026-06-18,CTF,17650,17650,17450,17650,308900
2026-06-18,CTG,34350,34450,33850,33950,4520800
2026-06-18,CTI,20750,20750,20500,20550,202900
2026-06-18,CTP,9500,9500,8800,8900,179300
2026-06-18,CTR,86600,87500,85000,85000,541700
2026-06-18,CTS,25400,25700,24850,25000,1821700
2026-06-18,CTW,25000,25000,25000,25000,100
2026-06-18,CTX,6000,6000,5800,5800,14100
2026-06-18,CVT,26000,27500,25200,25200,3400
2026-06-18,D2D,31500,31800,31500,31500,35100
2026-06-18,DAD,15000,15000,15000,15000,1900
2026-06-18,DAH,3550,3640,3370,3590,203400
2026-06-18,DAN,30300,30300,30300,30300,100
2026-06-18,DAT,8480,8480,8480,8480,100
2026-06-18,DBC,19200,19250,19000,19050,1153900
2026-06-18,DBD,49500,50000,49500,49950,14300
2026-06-18,DBT,11900,12500,11900,12500,20300
2026-06-18,DC1,8200,8200,7900,7900,35700
2026-06-18,DC2,6800,6800,5700,5700,2200
2026-06-18,DC4,7500,7530,7490,7490,24600
2026-06-18,DCF,36100,36100,36100,36100,100
2026-06-18,DCL,37600,37600,37200,37500,271800
2026-06-18,DCM,36300,37200,36300,36750,2379200
2026-06-18,DDN,7100,7100,6800,6900,11000
2026-06-18,DDV,26300,26400,26000,26200,211800
2026-06-18,DFC,31000,31000,29900,30000,2200
2026-06-18,DGC,47800,47800,47500,47800,463000
2026-06-18,DGT,3900,4000,3800,3900,41100
2026-06-18,DGW,41950,41950,41000,41000,443600
2026-06-18,DHA,49200,49600,48900,48950,14700
2026-06-18,DHB,11100,11100,10700,10900,8800
2026-06-18,DHC,33500,34350,33240,33680,524400
2026-06-18,DHD,27900,27900,27800,27800,800
2026-06-18,DHG,93600,93800,92600,93600,27100
2026-06-18,DHM,6300,6300,6100,6300,11700
2026-06-18,DHT,65100,66500,64500,66300,2300
2026-06-18,DIG,13200,13250,12950,13000,3035900
2026-06-18,DIH,8900,8900,8900,8900,100
2026-06-18,DL1,5400,5400,5300,5300,146300
2026-06-18,DLG,2680,2700,2650,2670,1222300
2026-06-18,DMN,9600,10000,9500,10000,12800
2026-06-18,DNC,50000,50000,50000,50000,300
2026-06-18,DNP,19300,19500,19000,19500,1200
2026-06-18,DNW,32900,32900,32900,32900,100
2026-06-18,DP1,28800,29600,28800,29400,3800
2026-06-18,DP3,62300,62300,62000,62100,11100
2026-06-18,DPG,40600,40600,39800,40400,314300
2026-06-18,DPM,23700,24050,23650,23700,3364500
2026-06-18,DPR,40700,40900,40600,40600,184300
2026-06-18,DQC,9540,9540,9540,9540,600
2026-06-18,DRC,11900,11900,11750,11750,180900
2026-06-18,DRH,2040,2050,2030,2040,135500
2026-06-18,DRI,14600,15000,14600,14800,675400
2026-06-18,DRL,44200,44600,44200,44600,1400
2026-06-18,DSC,13850,13850,13000,13000,25000
2026-06-18,DSN,37600,37800,37500,37500,2000
2026-06-18,DST,11900,11900,11000,11600,144900
2026-06-18,DTA,3500,3500,3350,3490,4300
2026-06-18,DTD,15100,15400,14700,15300,236800
2026-06-18,DTI,2100,2100,2000,2100,4500
2026-06-18,DTK,11200,11500,11200,11400,1400
2026-06-18,DTL,9400,9400,9300,9300,46200
2026-06-18,DTP,80000,80000,80000,80000,100
2026-06-18,DVM,6800,6900,6700,6800,23300
2026-06-18,DVN,20700,20800,20500,20700,75500
2026-06-18,DVP,71500,71500,71200,71200,4200
2026-06-18,DXG,13350,13450,13150,13250,6571000
2026-06-18,DXP,12800,12800,12700,12800,97400
2026-06-18,DXS,7600,7680,7510,7600,975200
2026-06-18,DXV,3750,3810,3750,3810,600
2026-06-18,E1VFVN30,35200,35330,35000,35330,274800
2026-06-18,EIB,21500,21500,21000,21000,4313400
2026-06-18,EIC,19700,19700,19700,19700,500
2026-06-18,EID,20500,20900,20500,20900,17300
2026-06-18,EIN,2200,2200,2200,2200,2000
2026-06-18,ELC,16500,16700,16150,16600,396900
2026-06-18,EVE,9060,9060,9010,9010,7000
2026-06-18,EVF,14200,14250,13950,13950,3746100
2026-06-18,EVG,6070,6070,5980,5980,344600
2026-06-18,EVS,5000,5000,4800,4800,200200
2026-06-18,FCM,3400,3430,3350,3430,59300
2026-06-18,FCN,12250,12350,12100,12100,223500
2026-06-18,FIC,19100,19200,19100,19100,3000
2026-06-18,FIR,5120,5150,5100,5120,24500
2026-06-18,FIT,3950,3950,3870,3910,311200
2026-06-18,FMC,35600,36000,35550,35800,55500
2026-06-18,FOC,68500,68600,68000,68100,9400
2026-06-18,FOX,78900,79000,78200,78700,90700
2026-06-18,FPT,72300,72300,71500,71600,13665800
2026-06-18,FRT,132000,133800,129900,130000,527000
2026-06-18,FT1,46700,46700,46700,46700,100
2026-06-18,FTS,27100,27800,26650,27150,2728100
2026-06-18,FUCVREIT,7000,7000,7000,7000,5500
2026-06-18,FUEDCMID,13650,13700,13650,13700,3400
2026-06-18,FUEFCV50,15750,15990,15750,15990,700
2026-06-18,FUEKIV30,13370,13400,13370,13400,200
2026-06-18,FUEKIVFS,18150,18150,17540,17540,200
2026-06-18,FUEMAV30,24120,24270,24120,24270,300
2026-06-18,FUEMAVND,15290,15290,15290,15290,1800
2026-06-18,FUESSV30,24880,24880,24530,24760,12600
2026-06-18,FUESSV50,29210,29600,29210,29600,2500
2026-06-18,FUESSVFL,29740,29740,29440,29480,33500
2026-06-18,FUEVFVND,36700,36770,36200,36690,149600
2026-06-18,FUEVN100,25980,26050,25770,25950,17500
2026-06-18,G36,10100,10100,9900,10000,18900
2026-06-18,GAS,80000,82600,80000,81800,949100
2026-06-18,GCB,5700,5700,5700,5700,100
2026-06-18,GCF,18000,18200,17500,18100,42200
2026-06-18,GDT,16650,16650,16300,16400,2900
2026-06-18,GEE,96800,97300,93900,94700,1501500
2026-06-18,GEG,13400,13450,13250,13400,227800
2026-06-18,GEX,31350,31350,30500,30600,10696900
2026-06-18,GHC,26500,26500,26300,26500,3300
2026-06-18,GIC,12780,12780,11530,12400,17300
2026-06-18,GIL,11850,11850,11700,11800,79200
2026-06-18,GLT,28400,28400,28400,28400,100
2026-06-18,GMC,4400,4800,4400,4600,21200
2026-06-18,GMD,78900,79000,77300,77600,930700
2026-06-18,GMH,7490,7500,7490,7500,3800
2026-06-18,GPC,1900,1900,1800,1900,33800
2026-06-18,GSP,11250,11250,11000,11000,23100
2026-06-18,GVR,35600,36200,35450,35550,2554000
2026-06-18,GVT,75100,75100,75100,75100,100
2026-06-18,HAC,10200,10200,10200,10200,200
2026-06-18,HAD,13400,13400,13400,13400,100
2026-06-18,HAF,12100,12100,12100,12100,100
2026-06-18,HAG,15400,15400,15250,15250,1645000
2026-06-18,HAH,55500,55500,54300,54300,389900
2026-06-18,HAN,8200,8200,8200,8200,200
2026-06-18,HAP,6500,6700,6500,6700,7700
2026-06-18,HAR,3330,3360,3320,3340,26300
2026-06-18,HAS,8010,8010,8010,8010,5400
2026-06-18,HAX,9760,9810,9760,9780,67700
2026-06-18,HBC,5000,5000,4900,5000,335800
2026-06-18,HC1,10900,10900,10900,10900,3000
2026-06-18,HCD,7010,7020,6900,7020,26300
2026-06-18,HCM,27700,28800,27400,28450,6733800
2026-06-18,HD2,10000,10000,10000,10000,200
2026-06-18,HD6,8700,8700,8600,8600,10000
2026-06-18,HDB,25300,25400,25100,25150,6607400
2026-06-18,HDC,16260,16350,16000,16040,2644400
2026-06-18,HDG,21600,21600,21100,21100,1813000
2026-06-18,HDM,35500,35500,35500,35500,1100
2026-06-18,HGM,144200,145000,144200,144500,1000
2026-06-18,HHG,800,800,700,800,31400
2026-06-18,HHP,13900,14250,13600,14250,1231000
2026-06-18,HHS,12000,12000,11650,11650,940600
2026-06-18,HHV,11700,11700,11500,11500,2242500
2026-06-18,HID,4290,4370,4230,4260,205900
2026-06-18,HII,5910,5970,5860,5900,90000
2026-06-18,HJS,29000,29000,27100,27100,200
2026-06-18,HKT,17500,17500,15900,17000,4700
2026-06-18,HLB,445400,445400,445400,445400,100
2026-06-18,HLC,11000,11180,10910,11000,13100
2026-06-18,HLD,15700,16800,15000,15800,11500
2026-06-18,HMC,10700,10800,10700,10800,900
2026-06-18,HMH,16200,16200,16200,16200,800
2026-06-18,HMR,9000,9500,9000,9500,12500
2026-06-18,HMS,33000,33200,32500,33200,13100
2026-06-18,HNA,22000,22900,22000,22900,600
2026-06-18,HND,10300,10300,10300,10300,2000
2026-06-18,HNG,7100,7200,7000,7000,516300
2026-06-18,HNM,8300,8400,8300,8300,327500
2026-06-18,HOM,4000,4000,4000,4000,400
2026-06-18,HPD,16200,16300,16100,16100,4600
2026-06-18,HPG,24050,24150,23650,23650,18040500
2026-06-18,HPH,13100,14600,13100,14600,1400
2026-06-18,HPT,28000,28100,27510,27510,2100
2026-06-18,HPX,4310,4350,4290,4330,343600
2026-06-18,HQC,2670,2690,2640,2650,2031000
2026-06-18,HRC,39200,41750,39200,41750,1400
2026-06-18,HSG,12050,12150,12000,12000,2135500
2026-06-18,HSL,7700,7700,7350,7420,342300
2026-06-18,HSV,4300,4300,4300,4300,8500
2026-06-18,HT1,13900,13950,13650,13650,147700
2026-06-18,HTE,2900,2900,2900,2900,2200
2026-06-18,HTG,41000,41200,40550,41000,5900
2026-06-18,HTI,20600,20700,20600,20700,17800
2026-06-18,HTM,9000,9200,9000,9200,700
2026-06-18,HTN,7130,7170,7090,7150,50700
2026-06-18,HU6,4000,4000,3900,3900,700
2026-06-18,HUB,13050,13050,13000,13050,4600
2026-06-18,HUT,15500,15600,15400,15600,879100
2026-06-18,HVH,10200,10300,10150,10300,144800
2026-06-18,HVN,23000,24000,22900,22900,2274200
2026-06-18,HVT,25900,26300,25900,26000,6000
2026-06-18,HVX,2600,2600,2500,2500,5800
2026-06-18,HWS,15100,15100,15100,15100,100
2026-06-18,ICF,2800,2800,2800,2800,100
2026-06-18,ICG,15400,15400,15300,15400,3900
2026-06-18,ICN,28100,28100,27900,27900,4000
2026-06-18,ICT,17500,17600,17400,17600,6900
2026-06-18,IDC,43900,43900,43000,43300,1219400
2026-06-18,IDI,5830,5830,5720,5780,208700
2026-06-18,IDJ,4800,4800,4500,4500,1472600
2026-06-18,IDP,285000,285000,285000,285000,300
2026-06-18,IDV,21900,22000,21800,22000,6600
2026-06-18,IFS,17500,17500,17500,17500,100
2026-06-18,IJC,9670,9690,9620,9630,459900
2026-06-18,ILA,6800,6800,6800,6800,2200
2026-06-18,ILB,22100,22100,21700,22000,12700
2026-06-18,ILS,24000,24500,23700,24000,11100
2026-06-18,IMP,45900,45900,45500,45600,8900
2026-06-18,INN,37600,37600,36700,36700,200
2026-06-18,IPA,15400,15600,15200,15400,12800
2026-06-18,ISH,25500,25500,25500,25500,100
2026-06-18,ITC,12150,12200,11900,11950,81600
2026-06-18,ITD,15100,15850,15100,15850,13400
2026-06-18,ITQ,2600,2700,2600,2700,47700
2026-06-18,ITS,3900,4000,3900,4000,11500
2026-06-18,IVS,6800,7100,6700,6900,61600
2026-06-18,JVC,3770,3800,3720,3770,76200
2026-06-18,KBC,31100,31150,30450,30450,2147800
2026-06-18,KCB,11400,11400,11100,11200,4400
2026-06-18,KDC,50600,50600,49950,50300,718900
2026-06-18,KDH,23400,23450,23000,23000,4388900
2026-06-18,KDM,19200,20700,19100,20300,2500
2026-06-18,KGM,5500,5500,5400,5400,3400
2026-06-18,KHG,5030,5040,4970,5010,3675800
2026-06-18,KHP,10200,10200,10100,10200,20200
2026-06-18,KHS,12500,12600,12500,12600,300
2026-06-18,KHW,33000,33000,33000,33000,200
2026-06-18,KKC,5400,5400,5400,5400,1000
2026-06-18,KLB,14800,14900,14650,14650,237300
2026-06-18,KMR,2640,2640,2600,2640,2500
2026-06-18,KOS,36000,37400,36000,37200,339300
2026-06-18,KSB,15150,15200,15050,15150,405500
2026-06-18,KSF,79900,81400,79000,80700,152900
2026-06-18,KSV,152600,156400,152600,156100,21800
2026-06-18,KTS,22500,22900,19400,20700,800
2026-06-18,KVC,1100,1200,1100,1100,69300
2026-06-18,L12,4700,5400,4700,5400,1900
2026-06-18,L14,22500,22500,21900,22100,38600
2026-06-18,L18,17800,17800,17500,17600,24800
2026-06-18,L35,1400,1400,1400,1400,100
2026-06-18,L40,29800,30000,28500,29600,140600
2026-06-18,L43,2500,2500,2400,2400,400
2026-06-18,LAF,17300,17350,17200,17200,12600
2026-06-18,LAI,11000,11000,11000,11000,11800
2026-06-18,LAS,14500,14600,14300,14400,123400
2026-06-18,LAW,27400,27400,27400,27400,900
2026-06-18,LBE,29500,29600,28800,28900,46800
2026-06-18,LBM,28400,28400,27500,28000,12400
2026-06-18,LCG,8630,8640,8560,8570,1120100
2026-06-18,LDG,3380,3610,3350,3610,1112700
2026-06-18,LDP,8500,8800,8300,8300,106500
2026-06-18,LGL,5210,5210,5010,5010,75400
2026-06-18,LHC,93300,93300,91500,92900,10800
2026-06-18,LHG,28250,28350,28050,28250,18900
2026-06-18,LIG,3800,3900,3800,3900,26200
2026-06-18,LIX,28350,28550,28100,28350,7100
2026-06-18,LKW,35500,35500,35400,35400,1100
2026-06-18,LLM,20600,21400,20500,21400,3000
2026-06-18,LMC,5400,5900,5100,5900,2700
2026-06-18,LPB,46700,47500,45450,47050,1301700
2026-06-18,LPT,7800,7800,7800,7800,2500
2026-06-18,LSG,33200,33400,32500,33200,16100
2026-06-18,LSS,8150,8170,8100,8160,47500
2026-06-18,M10,21200,22000,21100,21300,8700
2026-06-18,MAC,11800,12400,11700,11700,400
2026-06-18,MBB,25200,25300,25150,25250,6966700
2026-06-18,MBG,2800,2800,2700,2700,277300
2026-06-18,MBS,20500,21100,20500,20600,4582500
2026-06-18,MCF,7000,7000,7000,7000,23600
2026-06-18,MCG,2500,2600,2500,2600,23300
2026-06-18,MCH,129400,130000,129100,130000,105900
2026-06-18,MCM,27500,27600,27250,27500,11400
2026-06-18,MCO,5900,6000,5500,5500,27800
2026-06-18,MCP,28050,28050,27700,27700,25400
2026-06-18,MDC,9300,9300,9300,9300,100
2026-06-18,MDF,4900,4900,4700,4700,600
2026-06-18,MDG,37000,37000,35500,36950,10000
2026-06-18,MEL,8200,8200,8200,8200,100
2026-06-18,MFS,33900,34000,33500,33900,6300
2026-06-18,MH3,28900,28900,28900,28900,100
2026-06-18,MHC,9450,9520,9320,9320,10400
2026-06-18,MIG,18050,18050,17800,17950,64900
2026-06-18,MKP,26700,26700,26700,26700,1300
2026-06-18,MML,30300,30400,29900,30000,34600
2026-06-18,MPC,15800,15900,15700,15900,17800
2026-06-18,MQN,19700,19700,19700,19700,4100
2026-06-18,MRF,25000,25000,25000,25000,2300
2026-06-18,MSB,15550,15900,15550,15700,11982500
2026-06-18,MSH,34500,34550,34150,34550,94900
2026-06-18,MSN,72500,73200,72100,72100,2955300
2026-06-18,MSR,40300,41500,40300,40700,1235200
2026-06-18,MST,9000,9100,8900,9100,893400
2026-06-18,MTA,12400,12500,12200,12400,3400
2026-06-18,MTP,13000,13000,13000,13000,500
2026-06-18,MTS,8900,9000,8900,9000,19600
2026-06-18,MVC,13600,13600,13600,13600,200
2026-06-18,MVN,58000,60200,57500,60200,3900
2026-06-18,MWG,78600,79000,78000,78700,3234500
2026-06-18,NAB,12300,12450,12300,12400,1585000
2026-06-18,NAF,50400,50700,49950,50300,399500
2026-06-18,NAG,7800,7800,7700,7800,47600
2026-06-18,NAS,31800,31800,31800,31800,900
2026-06-18,NAV,14700,14700,14000,14000,1000
2026-06-18,NBB,17100,17300,17000,17300,33800
2026-06-18,NBC,8700,8800,8700,8700,16300
2026-06-18,NBP,7600,7600,7600,7600,1300
2026-06-18,NCT,92000,92700,92000,92500,10800
2026-06-18,ND2,34600,35600,34600,35600,300
2026-06-18,NDN,10600,10800,10500,10800,151900
2026-06-18,NDT,4800,4800,4700,4700,1100
2026-06-18,NDX,6700,6700,6700,6700,100
2026-06-18,NED,6700,6700,6600,6700,2400
2026-06-18,NET,67500,67500,66100,67200,800
2026-06-18,NHA,11650,11750,11650,11650,62900
2026-06-18,NHH,10350,10400,10100,10250,67800
2026-06-18,NHT,10900,11300,10900,11200,7900
2026-06-18,NKG,12550,12600,12450,12450,923400
2026-06-18,NLG,27900,27900,27050,27050,2322900
2026-06-18,NNC,43600,44050,43500,44050,43600
2026-06-18,NNT,59000,59000,59000,59000,100
2026-06-18,NO1,5160,5200,5070,5160,9200
2026-06-18,NRC,5800,5800,5700,5800,185800
2026-06-18,NSH,4800,4800,4600,4700,54700
2026-06-18,NT2,22900,23250,22800,22950,664700
2026-06-18,NTC,138400,138400,137500,137900,11100
2026-06-18,NTH,54000,54000,54000,54000,2100
2026-06-18,NTL,15700,15750,15500,15550,84400
2026-06-18,NTP,50300,51700,50000,50800,252600
2026-06-18,NVB,12900,13000,12400,12600,485500
2026-06-18,NVL,13400,13500,13000,13300,14203000
2026-06-18,NVP,51000,51000,51000,51000,100
2026-06-18,NVT,7800,7800,7800,7800,100
2026-06-18,OCB,12400,12600,12300,12550,3581200
2026-06-18,OCH,7500,7500,7200,7400,19900
2026-06-18,ODE,46200,46400,46100,46400,13400
2026-06-18,OGC,2920,2930,2890,2900,185700
2026-06-18,OIL,13800,14000,13600,13800,1472300
2026-06-18,ONE,10900,10900,10900,10900,2400
2026-06-18,OPC,23500,23500,23500,23500,500
2026-06-18,ORS,13300,13300,13050,13100,2819600
2026-06-18,PAC,19800,19950,19600,19700,232600
2026-06-18,PAN,23200,23300,23050,23050,226100
2026-06-18,PAP,27000,27000,27000,27000,1200
2026-06-18,PAS,2700,2700,2600,2600,39500
2026-06-18,PBC,5900,5900,5800,5900,4800
2026-06-18,PBP,11500,11900,11400,11800,700
2026-06-18,PC1,20000,21250,20000,21250,13807500
2026-06-18,PCC,36000,36000,35000,35000,500
2026-06-18,PCH,20200,20200,19500,19700,109800
2026-06-18,PCT,10000,10200,10000,10200,800
2026-06-18,PDB,19800,19800,19000,19700,1800
2026-06-18,PDC,4600,4600,4600,4600,500
2026-06-18,PDN,99800,102000,99800,100100,1000
2026-06-18,PDR,15150,15200,14950,15100,5543700
2026-06-18,PDV,9100,9100,9100,9100,21900
2026-06-18,PEG,3700,3900,3700,3900,200
2026-06-18,PET,56200,57900,54000,54800,722000
2026-06-18,PFL,2100,2100,2000,2100,37600
2026-06-18,PGB,10800,10900,10700,10700,25300
2026-06-18,PGC,12740,12740,12550,12600,112500
2026-06-18,PGD,22550,22900,22500,22900,1000
2026-06-18,PGI,18400,18400,18400,18400,1000
2026-06-18,PGN,7000,7200,7000,7200,900
2026-06-18,PGS,45900,50900,45900,50900,200
2026-06-18,PGV,24200,24200,23250,23750,3000
2026-06-18,PHC,4790,4790,4620,4760,1300
2026-06-18,PHP,38700,38800,37500,37600,130200
2026-06-18,PHR,65000,65900,64700,65100,352400
2026-06-18,PIC,15000,15900,15000,15000,1100
2026-06-18,PIS,11000,11000,11000,11000,400
2026-06-18,PIT,7000,7000,6640,6640,9100
2026-06-18,PIV,6700,6800,6600,6800,106600
2026-06-18,PJC,30000,30000,30000,30000,100
2026-06-18,PJT,9450,9450,9450,9450,100
2026-06-18,PLA,5100,5900,5100,5900,1400
2026-06-18,PLC,21200,21600,21100,21400,167900
2026-06-18,PLP,4110,4190,4110,4190,4300
2026-06-18,PLX,38700,39250,38600,39000,1549000
2026-06-18,PMG,6110,6110,6110,6110,100
2026-06-18,PMJ,15700,15700,15700,15700,100
2026-06-18,PMS,35000,35000,35000,35000,100
2026-06-18,PNJ,67500,68000,66900,68000,799900
2026-06-18,POS,14900,14900,14500,14500,4900
2026-06-18,POT,20000,20000,20000,20000,5500
2026-06-18,POV,7000,7000,7000,7000,200
2026-06-18,POW,14150,14350,14100,14200,8125800
2026-06-18,PPC,9710,9710,9650,9670,52800
2026-06-18,PPH,26500,26700,26500,26600,3100
2026-06-18,PPT,15300,15400,15200,15400,223600
2026-06-18,PRE,27900,28000,27600,27700,13300
2026-06-18,PRT,7700,9900,7700,9900,1100
2026-06-18,PSB,5300,5400,5200,5400,19800
2026-06-18,PSD,17000,17300,16900,17200,19500
2026-06-18,PSE,11000,11000,11000,11000,1100
2026-06-18,PSI,9300,9400,9200,9300,127000
2026-06-18,PSL,8800,8800,8700,8700,300
2026-06-18,PSW,7800,7900,7800,7900,2200
2026-06-18,PTB,36650,36900,36400,36400,67100
2026-06-18,PTL,2580,2620,2520,2580,6700
2026-06-18,PTP,11420,11420,11420,11420,1700
2026-06-18,PTS,8700,8700,8700,8700,1100
2026-06-18,PTT,8000,8800,8000,8800,500
2026-06-18,PTV,5500,5600,5500,5600,12300
2026-06-18,PTX,21500,22200,18500,18500,700
2026-06-18,PV2,2000,2100,1900,2000,28100
2026-06-18,PVB,24600,27000,24600,25400,114200
2026-06-18,PVC,13600,14100,13600,14000,682800
2026-06-18,PVD,30250,31350,30250,31050,4924400
2026-06-18,PVG,6000,6100,6000,6000,64200
2026-06-18,PVI,77100,77800,77000,77400,22700
2026-06-18,PVM,19300,19300,19300,19300,100
2026-06-18,PVO,6100,6100,6000,6100,22700
2026-06-18,PVP,17100,17150,16900,17050,224600
2026-06-18,PVS,38000,39100,37500,39000,4201900
2026-06-18,PVT,19750,20000,19500,19950,1931700
2026-06-18,PWA,6300,6300,6000,6000,400
2026-06-18,PXL,12700,12800,12700,12700,12900
2026-06-18,QCC,27800,27800,20600,20600,1500
2026-06-18,QCG,13000,13400,12850,13100,197500
2026-06-18,QNC,5400,5400,5400,5400,100
2026-06-18,QNS,48300,49000,48100,49000,122200
2026-06-18,QPH,34700,34700,34700,34700,200
2026-06-18,QTP,11900,11900,11700,11800,867700
2026-06-18,RAL,84000,84600,84000,84000,2100
2026-06-18,RBC,6400,6400,6400,6400,100
2026-06-18,RCL,11100,11100,11100,11100,2000
2026-06-18,REE,50700,50900,50500,50500,266600
2026-06-18,S99,9000,9000,8800,8900,40200
2026-06-18,SAB,48600,48700,48200,48200,563100
2026-06-18,SAF,55900,55900,54000,54000,8400
2026-06-18,SAM,6080,6130,6000,6010,123700
2026-06-18,SAS,38400,38500,37800,38000,15300
2026-06-18,SB1,7600,7600,7500,7500,2000
2026-06-18,SBH,39400,39400,39400,39400,200
2026-06-18,SBS,4700,4700,4600,4700,287000
2026-06-18,SBT,21500,21700,21100,21300,742600
2026-06-18,SBV,6380,6380,6010,6300,1400
2026-06-18,SC5,15200,16100,15200,16000,4000
2026-06-18,SCG,65200,65500,65200,65500,18500
2026-06-18,SCI,11700,11700,11200,11600,11900
2026-06-18,SCL,17900,17900,17700,17700,12500
2026-06-18,SCR,5280,5320,5200,5200,1346500
2026-06-18,SCS,50600,51000,50200,50300,105000
2026-06-18,SD3,8700,8900,8700,8700,5100
2026-06-18,SD5,7100,7300,7100,7300,700
2026-06-18,SD9,10300,11000,10300,10600,5400
2026-06-18,SDA,2600,2600,2300,2500,275900
2026-06-18,SDT,4300,4600,4300,4600,61400
2026-06-18,SDV,32500,32500,32500,32500,200
2026-06-18,SEA,45100,45100,45100,45100,100
2026-06-18,SEB,41000,41000,41000,41000,1000
2026-06-18,SED,17400,17400,17300,17400,3200
2026-06-18,SEP,18000,18000,18000,18000,100
2026-06-18,SFG,10300,10300,10300,10300,400
2026-06-18,SFN,20200,20200,16800,16800,200
2026-06-18,SGB,11900,12000,11500,12000,3100
2026-06-18,SGC,104000,104000,104000,104000,100
2026-06-18,SGH,27300,27300,27300,27300,100
2026-06-18,SGN,53300,54000,53300,53700,4000
2026-06-18,SGP,23000,23500,22900,23300,31800
2026-06-18,SGR,13400,13400,13050,13350,138500
2026-06-18,SGS,13600,13800,13500,13500,7100
2026-06-18,SGT,14500,14800,14500,14800,3500
2026-06-18,SHB,14050,14100,13900,13900,46859900
2026-06-18,SHE,5800,5900,5800,5900,1200
2026-06-18,SHI,14000,14100,14000,14100,198100
2026-06-18,SHN,3700,3800,3600,3800,37700
2026-06-18,SHP,32700,32700,32700,32700,2700
2026-06-18,SHS,19300,19400,19000,19100,8930300
2026-06-18,SIP,51500,52000,50900,51200,202800
2026-06-18,SIV,39000,39000,39000,39000,1500
2026-06-18,SJ1,11800,12900,11800,12900,4200
2026-06-18,SJD,14100,14100,14050,14100,24400
2026-06-18,SJE,13000,13200,13000,13100,53200
2026-06-18,SJG,29900,29900,27900,28100,1600
2026-06-18,SJS,49000,49250,48950,49250,7200
2026-06-18,SKG,8680,8800,8680,8700,26700
2026-06-18,SKH,23000,23000,23000,23000,100
2026-06-18,SKV,23500,23500,23500,23500,1300
2026-06-18,SLS,149800,151000,149800,149800,3500
2026-06-18,SMB,38550,38550,38500,38500,1000
2026-06-18,SMC,10900,10900,10550,10750,330500
2026-06-18,SMN,7300,7300,7300,7300,100
2026-06-18,SMT,9700,9700,9700,9700,7000
2026-06-18,SNZ,28000,28400,28000,28400,300
2026-06-18,SRB,1600,1700,1600,1700,8800
2026-06-18,SRC,41000,41000,41000,41000,600
2026-06-18,SRF,8050,8350,7860,7900,103400
2026-06-18,SSB,14900,14900,14650,14850,2491200
2026-06-18,SSI,27700,28000,27500,27500,12751400
2026-06-18,ST8,3100,3160,3090,3090,18400
2026-06-18,STB,72500,72500,70900,70900,3321200
2026-06-18,STH,20500,20700,20500,20600,161500
2026-06-18,STK,11000,11100,10950,11000,38900
2026-06-18,STS,116700,116700,116700,116700,100
2026-06-18,SVC,18200,18200,17950,17950,6000
2026-06-18,SVD,4620,4620,4410,4410,28200
2026-06-18,SVN,3000,3200,2800,2900,667300
2026-06-18,SWC,24100,24100,24100,24100,2200
2026-06-18,SZB,43000,43300,43000,43100,10800
2026-06-18,SZC,23850,23850,23300,23300,486700
2026-06-18,SZE,7500,7600,7300,7300,8900
2026-06-18,SZL,48750,49000,48700,49000,15800
2026-06-18,TA9,11500,11500,11300,11300,4400
2026-06-18,TAN,45000,45000,45000,45000,1400
2026-06-18,TBC,32000,32500,32000,32500,1900
2026-06-18,TBR,8400,8400,8400,8400,100
2026-06-18,TCB,31450,31500,31150,31200,8917000
2026-06-18,TCH,15350,15400,15000,15100,4918800
2026-06-18,TCI,10700,11200,10300,10800,357900
2026-06-18,TCL,30200,30400,30200,30200,5300
2026-06-18,TCM,20200,20300,20050,20200,1213900
2026-06-18,TCO,11800,11950,11400,11800,39200
2026-06-18,TCT,19100,19150,19100,19100,6400
2026-06-18,TCW,32300,32300,32200,32200,11200
2026-06-18,TDC,10500,10500,10400,10450,37500
2026-06-18,TDG,2430,2450,2400,2440,78900
2026-06-18,TDH,3830,3830,3760,3790,45200
2026-06-18,TDM,57800,58000,57800,58000,6200
2026-06-18,TDP,29000,29000,28500,29000,166900
2026-06-18,TDS,8400,8400,8400,8400,900
2026-06-18,TDT,7100,7100,7000,7100,35000
2026-06-18,TDW,48450,48450,48450,48450,100
2026-06-18,TED,68500,68500,68500,68500,100
2026-06-18,TEG,6100,6110,6100,6100,10000
2026-06-18,TFC,47000,47000,47000,47000,18600
2026-06-18,TGP,5900,5900,5900,5900,400
2026-06-18,TH1,5500,5700,5500,5700,2000
2026-06-18,THB,9200,9200,9200,9200,1700
2026-06-18,THD,219000,220000,199900,212500,27300
2026-06-18,THG,36950,36950,36500,36800,9300
2026-06-18,THT,7900,8000,7900,7900,3900
2026-06-18,THW,16500,16500,16500,16500,500
2026-06-18,TID,20700,20700,20200,20200,600
2026-06-18,TIG,6700,6800,6500,6600,777200
2026-06-18,TIN,127000,128900,123000,127300,3000
2026-06-18,TIP,18050,18200,18050,18100,21600
2026-06-18,TIS,4800,4800,4700,4700,3600
2026-06-18,TJC,10200,10200,9200,9900,5900
2026-06-18,TKU,12700,12700,12700,12700,1800
2026-06-18,TLD,8550,8560,8510,8550,136600
2026-06-18,TLG,48600,49000,48100,48350,38000
2026-06-18,TLH,4510,4510,4430,4500,104500
2026-06-18,TLP,6800,6800,6800,6800,100
2026-06-18,TMB,52000,52000,51000,51500,12500
2026-06-18,TMS,38550,39000,38550,39000,4100
2026-06-18,TMT,11800,11800,11800,11800,41500
2026-06-18,TNC,32550,32550,32550,32550,200
2026-06-18,TNG,19700,19700,19400,19400,605300
2026-06-18,TNH,9200,9280,8810,9100,239700
2026-06-18,TNI,4770,4770,4700,4750,12000
2026-06-18,TNT,11450,11850,11300,11700,21000
2026-06-18,TOS,174000,174000,171500,173000,4500
2026-06-18,TOT,14200,14200,14200,14200,2500
2026-06-18,TPB,16450,16550,16150,16200,18062000
2026-06-18,TPC,7310,7310,6400,6400,625700
2026-06-18,TPP,10100,10100,10100,10100,10700
2026-06-18,TRA,77800,78500,77000,78000,3800
2026-06-18,TRC,77800,77800,76900,76900,7900
2026-06-18,TS3,5200,5300,5200,5300,97400
2026-06-18,TSB,20200,21000,20200,21000,5900
2026-06-18,TSC,2340,2360,2340,2350,223200
2026-06-18,TSD,3200,3200,3200,3200,600
2026-06-18,TSJ,27600,27600,20400,20400,3200
2026-06-18,TTA,10600,10600,10450,10500,217000
2026-06-18,TTD,67550,67550,58800,67550,4200
2026-06-18,TTF,2250,2260,2230,2250,253800
2026-06-18,TTG,13700,13700,12800,12800,900
2026-06-18,TTH,2300,2400,2200,2300,124100
2026-06-18,TTL,7500,7500,7500,7500,100
2026-06-18,TTN,15000,15200,15000,15000,39700
2026-06-18,TUG,18000,18000,18000,18000,400
2026-06-18,TV1,22300,23200,22200,23000,117500
2026-06-18,TV2,29150,30900,29050,29700,419800
2026-06-18,TV3,15800,15800,15800,15800,700
2026-06-18,TV4,12700,12800,12600,12700,14400
2026-06-18,TVB,7580,7580,7230,7570,8300
2026-06-18,TVC,9600,9700,9500,9700,125200
2026-06-18,TVD,9200,9300,9200,9200,18100
2026-06-18,TVN,11000,11300,10800,11200,461900
2026-06-18,TVS,13200,13900,13150,13300,56400
2026-06-18,TVT,16200,16200,16200,16200,100
2026-06-18,TXM,4700,4800,4700,4800,200
2026-06-18,TYA,17300,17300,16900,17000,3600
2026-06-18,UDC,2800,2900,2700,2900,5100
2026-06-18,UDJ,7000,7100,7000,7100,200
2026-06-18,UDL,29000,30000,29000,30000,700
2026-06-18,UIC,62200,63000,62200,63000,1000
2026-06-18,UNI,7300,7300,7300,7300,3100
2026-06-18,UPH,5000,5900,5000,5900,800
2026-06-18,USC,10600,10600,10300,10300,7000
2026-06-18,USD,17100,17100,17100,17100,500
2026-06-18,V21,5700,5700,5700,5700,5800
2026-06-18,VAB,11200,11200,11050,11050,707100
2026-06-18,VAF,20500,26000,20500,26000,300
2026-06-18,VAV,32500,32500,32500,32500,300
2026-06-18,VBB,14100,14900,14100,14700,147200
2026-06-18,VC2,4400,4500,4400,4400,24900
2026-06-18,VC3,26600,26800,26400,26500,1019400
2026-06-18,VC7,8500,8500,8200,8200,192000
2026-06-18,VC9,4700,4800,4700,4800,2400
2026-06-18,VCA,6220,6250,6220,6250,1000
2026-06-18,VCB,62300,62400,61600,61600,4650700
2026-06-18,VCC,9300,9300,9300,9300,2000
2026-06-18,VCF,297000,297000,297000,297000,500
2026-06-18,VCG,20000,20150,19850,19900,1719600
2026-06-18,VCI,24700,25050,24500,24500,6398600
2026-06-18,VCM,8000,8000,8000,8000,100
2026-06-18,VCP,23800,23800,23500,23500,39800
2026-06-18,VCR,33000,33000,33000,33000,100
2026-06-18,VCS,39000,39000,38600,38800,61400
2026-06-18,VCX,10800,10800,10800,10800,200
2026-06-18,VDS,15050,15050,14450,14500,982700
2026-06-18,VE1,3000,3000,2900,3000,9300
2026-06-18,VEA,35300,35600,35300,35400,358400
2026-06-18,VEC,22100,24200,22100,24100,1200
2026-06-18,VEF,90200,90500,87100,87500,10300
2026-06-18,VES,26500,26500,26500,26500,200
2026-06-18,VET,14800,14800,14500,14500,400
2026-06-18,VFG,46600,46600,46600,46600,700
2026-06-18,VFS,10700,10800,10500,10500,564400
2026-06-18,VGC,44000,44100,43000,43800,351300
2026-06-18,VGG,39500,39500,38900,39000,4600
2026-06-18,VGI,92000,92300,90800,91100,187700
2026-06-18,VGL,22000,22000,22000,22000,100
2026-06-18,VGP,27100,27100,26700,27000,20900
2026-06-18,VGR,95000,100000,82100,84000,45800
2026-06-18,VGS,22400,22500,21900,22000,190400
2026-06-18,VGT,11300,11400,11300,11400,199600
2026-06-18,VGV,44000,44000,44000,44000,6000
2026-06-18,VHC,58600,58600,57600,57900,111400
2026-06-18,VHE,3300,3300,3200,3300,39700
2026-06-18,VHG,1600,1700,1600,1600,85800
2026-06-18,VHL,12100,12100,12100,12100,3000
2026-06-18,VHM,144400,144400,144400,144400,2390500
2026-06-18,VIB,16450,16500,16200,16250,8557800
2026-06-18,VIC,196000,205400,195100,205400,6434200
2026-06-18,VID,4870,4870,4870,4870,200
2026-06-18,VIF,16900,17000,16900,17000,7900
2026-06-18,VIG,4600,4600,4500,4500,50700
2026-06-18,VIP,11700,11750,11650,11700,109700
2026-06-18,VIT,23000,24900,22900,24900,69300
2026-06-18,VIW,29600,31600,28900,30300,349700
2026-06-18,VIX,17800,18100,17700,17700,31325000
2026-06-18,VJC,142800,142800,138400,138400,1144100
2026-06-18,VLB,48400,48900,48400,48400,6600
2026-06-18,VLC,12800,12900,12800,12900,7900
2026-06-18,VLG,7800,7800,7800,7800,2000
2026-06-18,VMD,14500,14500,14500,14500,1100
2026-06-18,VNA,15200,15600,15200,15600,4800
2026-06-18,VNB,14100,14700,14100,14500,15700
2026-06-18,VNC,35500,35600,35500,35600,400
2026-06-18,VND,18050,18350,17850,17850,13246900
2026-06-18,VNE,2970,2970,2900,2910,472400
2026-06-18,VNF,15200,15200,15000,15000,400
2026-06-18,VNG,6700,6700,6700,6700,1000
2026-06-18,VNL,18650,18650,18350,18600,5900
2026-06-18,VNM,59500,59700,59100,59200,2482800
2026-06-18,VNP,19000,19100,18500,18900,10600
2026-06-18,VNR,20000,20000,19800,20000,10400
2026-06-18,VNS,7960,8010,7960,8010,400
2026-06-18,VNZ,365000,385000,365000,368000,4000
2026-06-18,VOS,12850,12850,12500,12650,501700
2026-06-18,VPB,26500,26550,26250,26400,10095500
2026-06-18,VPD,22150,22500,21950,21950,1000
2026-06-18,VPG,2920,2940,2890,2900,399500
2026-06-18,VPH,3690,3690,3500,3650,16600
2026-06-18,VPI,60500,61000,59800,60000,1133200
2026-06-18,VPR,7600,7600,7600,7600,1700
2026-06-18,VPS,8650,8650,8550,8550,900
2026-06-18,VRC,12800,13100,12000,12900,51200
2026-06-18,VRE,28900,30100,28800,30100,8609200
2026-06-18,VRG,15000,15000,15000,15000,6800
2026-06-18,VSA,19900,19900,19300,19300,400
2026-06-18,VSC,20600,20800,19900,19900,5816100
2026-06-18,VSE,7900,8200,7900,8000,700
2026-06-18,VSF,26000,26200,26000,26100,18600
2026-06-18,VSH,42700,42700,42700,42700,700
2026-06-18,VSN,13500,13500,13000,13000,1100
2026-06-18,VTB,13250,13250,13250,13250,500
2026-06-18,VTC,14200,14200,13300,13300,10000
2026-06-18,VTD,5200,5400,5200,5300,241200
2026-06-18,VTH,9100,9100,9100,9100,100
2026-06-18,VTK,54200,55000,52100,54400,8500
2026-06-18,VTO,10700,10700,10600,10650,44300
2026-06-18,VTP,65300,66200,65300,65500,193300
2026-06-18,VTR,10600,11600,10300,11600,221300
2026-06-18,VTV,13200,13700,13200,13700,3500
2026-06-18,VTZ,20500,20500,20500,20500,881100
2026-06-18,VVS,71150,74050,70730,72300,229000
2026-06-18,VW3,9300,9900,8600,9900,5100
2026-06-18,VWS,21600,21600,21600,21600,1500
2026-06-18,WCS,313500,313500,313500,313500,100
2026-06-18,WSS,6800,6800,6600,6600,11600
2026-06-18,WTC,9200,9500,9200,9500,800
2026-06-18,XMC,9900,10000,9900,10000,20500
2026-06-18,XPH,15800,15800,15800,15800,100
2026-06-18,YBM,10000,10000,10000,10000,1900
2026-06-18,YEG,8860,8860,8700,8730,470900
